{
    "weigths": [{
        "rows": 5,
        "cols": 2,
        "matrix": [
            [-0.8465864814779287, 0.14086288452329435],
            [-0.6740595472222874, 0.23585651262584167],
            [0.13189901261277512, 1.0985395779639024],
            [0.9815462368318423, -0.3930499360396477],
            [0.3847412288135498, 0.5570309745334199]
        ]
    }, {
        "rows": 5,
        "cols": 5,
        "matrix": [
            [0.6703333502962292, 1.1741938614603178, -0.9058153233607862, 0.6748456412130821, -1.0657643085413715],
            [-0.7378820575459508, 0.8904309102163199, 0.23214093316172332, 0.3818460238471215, 0.6421573202264175],
            [0.7147160613880519, 0.35025214394665827, 0.9500585994914771, 0.2371947798988614, -0.10087722547863019],
            [-0.3358605153797066, 0.3173451213487336, -0.8286212040206183, 0.37376529176530715, 0.632555568518694],
            [0.27565853926386796, -1.5689716344006093, 0.3926118191326337, 0.38557092173346774, -0.6384397711028496]
        ]
    }],
    "bias": [{
        "rows": 5,
        "cols": 1,
        "matrix": [
            [-0.3162555268290696],
            [0.011392753202513215],
            [0.22205070800845988],
            [-1.2557759087747684],
            [0.277729568288074]
        ]
    }, {
        "rows": 5,
        "cols": 1,
        "matrix": [
            [-0.1880016458347163],
            [-0.6604835764559722],
            [-0.8304635527475508],
            [-1.0796508768980142],
            [0.7415815193841585]
        ]
    }],
    "who": [{
        "rows": 1,
        "cols": 5,
        "matrix": [
            [-0.6407378715356343, 0.012521750984883244, 0.4158684702002948, -0.8945296076398305, 1.7764502712809598]
        ]
    }],
    "biasO": [{
        "rows": 1,
        "cols": 1,
        "matrix": [
            [0.5328294901179067]
        ]
    }]
}